Workbook

Sheet Base_IQ
A1: re_iq | B1: senha | C1: nome_iq | D1: PERFIL
A2: 8433 | B2: 123 | C2: ALEXANDRE DOS SANTOS SOUSA | D2: GESTÃO
A3: 5304 | B3: 123 | C3: ELCIO FLAVIANO NUNES | D3: GESTÃO
A4: 6391 | B4: 123 | C4: GENILSON FURTADO DE ALMEIDA | D4: GESTÃO
A5: 4045 | B5: 123 | C5: DENIS DE SOUZA CARVALHO | D5: IQ
A6: 5449 | B6: 123 | C6: EDSON MARCO PINHEIRO | D6: GESTÃO
A7: 5996 | B7: 123 | C7: THIAGO LOPES | D7: IQ
A8: 6540 | B8: 123 | C8: EDSON ALVES DE SOUSA | D8: IQ
A9: 2886 | B9: 123 | C9: MARCOS ROBERTO DO NASCIMENTO | D9: GESTÃO
A10: 7563 | B10: 123 | C10: MAICON APARECIDO FARIA | D10: GESTÃO
A11: 8017 | B11: 123 | C11: CARLOS EDUARDO DA SILVA CONCEICAO | D11: GESTÃO
A12: 8502 | B12: 123 | C12: NELSON ALVES OLIVEIRA JUNIOR | D12: GESTÃO
A13: 516 | B13: 123 | C13: VANIA S SOUZA | D13: GESTÃO
A14: 7708 | B14: 123 | C14: DANIEL AUGUSTO PEREIRA | D14: IQ

Sheet Base_Tecnicos
A1: re | B1: login | C1: nome | D1: status_certificacao | E1: regiao | F1: re_iq_responsavel | G1: Acompanhamento
A2: 8189 | B2: Z613057 | C2: ADRIEL ALEXANDER DE LIMA | D2: =IFERROR(VLOOKUP(Tabela1[[#This Row],[login]],Tabela5[#All],2,0),"-") -> Sim | E2: ABC | F2: 5996 | G2: =IFERROR(VLOOKUP(Tabela1[[#This Row],[login]],Certificados!A:B,2,0),"-") -> Sim
A3: 8427 | B3: Z652293 | C3: AIRON HENRIQUE FERREIRA MINA | D3: =IFERROR(VLOOKUP(Tabela1[[#This Row],[login]],Tabela5[#All],2,0),"-") -> Sim | E3: ABC | F3: 5996 | G3: =IFERROR(VLOOKUP(Tabela1[[#This Row],[login]],Certificados!A:B,2,0),"-") -> Não
A4: 8338 | B4: Z637976 | C4: ALAN RODRIGUES COSTA | D4: =IFERROR(VLOOKUP(Tabela1[[#This Row],[login]],Tabela5[#All],2,0),"-") -> Não | E4: ABC | F4: 5996 | G4: =IFERROR(VLOOKUP(Tabela1[[#This Row],[login]],Certificados!A:B,2,0),"-") -> Sim
A5: 8368 | B5: Z641759 | C5: ALEX BERNARDES DA SILVA | D5: =IFERROR(VLOOKUP(Tabela1[[#This Row],[login]],Tabela5[#All],2,0),"-") -> Sim | E5: ABC | F5: 6540 | G5: =IFERROR(VLOOKUP(Tabela1[[#This Row],[login]],Certificados!A:B,2,0),"-") -> Sim
A6: 8496 | B6: Z663524 | C6: ALEX DE JESUS FREIRE | D6: =IFERROR(VLOOKUP(Tabela1[[#This Row],[login]],Tabela5[#All],2,0),"-") -> Sim | E6: ABC | F6: 6540 | G6: =IFERROR(VLOOKUP(Tabela1[[#This Row],[login]],Certificados!A:B,2,0),"-") -> Sim
A7: 7656 | B7: Z519356 | C7: ALINE CAMARGO PIRES | D7: =IFERROR(VLOOKUP(Tabela1[[#This Row],[login]],Tabela5[#All],2,0),"-") -> Sim | E7: ABC | F7: 4045 | G7: =IFERROR(VLOOKUP(Tabela1[[#This Row],[login]],Certificados!A:B,2,0),"-") -> Sim
A8: 8337 | B8: Z637977 | C8: AMANDA CAROLINE DOS SANTOS | D8: =IFERROR(VLOOKUP(Tabela1[[#This Row],[login]],Tabela5[#All],2,0),"-") -> Sim | E8: ABC | F8: 4045 | G8: =IFERROR(VLOOKUP(Tabela1[[#This Row],[login]],Certificados!A:B,2,0),"-") -> Sim
A9: 8375 | B9: Z644006 | C9: ANA LUISA CULAU SILVA | D9: =IFERROR(VLOOKUP(Tabela1[[#This Row],[login]],Tabela5[#All],2,0),"-") -> Sim | E9: ABC | F9: 4045 | G9: =IFERROR(VLOOKUP(Tabela1[[#This Row],[login]],Certificados!A:B,2,0),"-") -> Sim
A10: 7704 | B10: Z525216 | C10: ANTONIO WESLEY HOLANDA DA SILVA | D10: =IFERROR(VLOOKUP(Tabela1[[#This Row],[login]],Tabela5[#All],2,0),"-") -> Sim | E10: ABC | F10: 4045 | G10: =IFERROR(VLOOKUP(Tabela1[[#This Row],[login]],Certificados!A:B,2,0),"-") -> Sim
A11: 8045 | B11: Z586735 | C11: AUGUSTO ERNANDES DA SILVA | D11: =IFERROR(VLOOKUP(Tabela1[[#This Row],[login]],Tabela5[#All],2,0),"-") -> Sim | E11: ABC | F11: 5996 | G11: =IFERROR(VLOOKUP(Tabela1[[#This Row],[login]],Certificados!A:B,2,0),"-") -> Sim
A12: 8666 | B12: Z693598 | C12: BEATRIZ CHAVES DE SOUSA | D12: =IFERROR(VLOOKUP(Tabela1[[#This Row],[login]],Tabela5[#All],2,0),"-") -> Sim | E12: ABC | F12: 4045 | G12: =IFERROR(VLOOKUP(Tabela1[[#This Row],[login]],Certificados!A:B,2,0),"-") -> -
A13: 8654 | B13: Z690989 | C13: BRUNO APARECIDO FREIRE MARCONDES | D13: =IFERROR(VLOOKUP(Tabela1[[#This Row],[login]],Tabela5[#All],2,0),"-") -> Não | E13: ABC | F13: 6540 | G13: =IFERROR(VLOOKUP(Tabela1[[#This Row],[login]],Certificados!A:B,2,0),"-") -> -
... A72: 7140 | B72: Z416256 | C72: YURI URCESINO COSTA | D72: =IFERROR(VLOOKUP(Tabela1[[#This Row],[login]],Tabela5[#All],2,0),"-") -> Não | E72: ABC | F72: 5996 | G72: =IFERROR(VLOOKUP(Tabela1[[#This Row],[login]],Certificados!A:B,2,0),"-") -> Sim

Sheet Certificados
A1: LOGIN | B1: CERTIFICADO JULHO | D1: LOGIN | E1: CERTIFICADO AGOSTO | G1: LOGIN | H1: CERTIFICADO SETEMBRO
A2: Z652293 | B2: Não | D2: Z641759 | E2: Não | G2: Z690989 | H2: Não
A3: Z643065 | B3: Não | D3: Z634719 | E3: Não | G3: Z693905 | H3: Não
A4: Z635520 | B4: Não | D4: Z645616 | E4: Não | G4: Z680770 | H4: Não
A5: Z630528 | B5: Não | D5: Z663524 | E5: Sim | G5: Z699964 | H5: Não
A6: Z609273 | B6: Não | D6: Z585540 | E6: Sim | G6: Z665110 | H6: Não
A7: Z620327 | B7: Não | D7: Z680770 | E7: Sim | G7: Z499403 | H7: Não
A8: Z665100 | B8: Não | D8: Z519358 | E8: Sim | G8: Z634719 | H8: Não
A9: Z637976 | B9: Sim | D9: Z699964 | E9: Sim | G9: Z677281 | H9: Não
A10: Z625770 | B10: Sim | D10: Z217678 | E10: Sim | G10: Z641759 | H10: Sim
A11: Z525262 | B11: Sim | D11: Z612970 | E11: Sim | G11: Z663524 | H11: Sim
A12: Z088626 | B12: Sim | D12: Z665110 | E12: Sim | G12: Z519358 | H12: Sim
... A63: Z657842 | B63: Sim | D63: Z648220 | E63: Sim | G63: Z416256 | H63: Não
D64: Z665100 | E64: Sim | G64: Z652293 | H64: Sim
D65: Z197454 | E65: Sim | G65: Z586735 | H65: Sim
D66: Z665101 | E66: Sim | G66: Z625770 | H66: Sim
D67: Z416256 | E67: Sim | G67: Z088626 | H67: Sim
G68: Z685699 | H68: Sim
G69: Z630528 | H69: Sim
G70: Z567879 | H70: Sim
G71: Z620327 | H71: Sim
G72: Z691039 | H72: Sim
G73: Z648220 | H73: Sim
G74: Z502024 | H74: Sim
